1001,Esha Holland
1002,Leopold Holloway
1003,Lacy Donald
1004,Myra Kearney
1005,Ayaz Sears
1006,Beauden Clemons
1007,Dora Dickson
1008,Millie-Mae Crawford
1009,Jon-Paul Rhodes
1010,Antonina Benson
1011,Iga Lam
1012,Fenton Harvey
1013,Abdur Coleman
1014,Salahuddin Holman
1015,Vladimir Howe
1016,Nimra Akhtar
1017,Duane Hester
1018,Ruairidh Mccall
1019,Ophelia Edge
1020,Abbi Mclaughlin
1021,Loui Hodson
1022,Damon Roman
1023,Sean Hardy
1024,Kaycee Sutton
1025,Nela Beck
1026,Kerry Luna
1027,Cameron Watson
1028,Raul Ortega
1029,Lara Ryan
1030,Jody Carlson
1031,Nishat Robertson
1032,Ffion Bush
1033,Niamh Pennington
1034,Toni Nguyen
1035,Gwion Knight
1036,Marjorie Christie
1037,Rian Lamb
1038,Ashraf Booker
1039,Gerald Huffman
1040,Bethaney Travis
